keyword	reason
alergia	subtitle of 'BLW Alimentação Bebê - YumYum' (SERP 'papinha' br)
baby food recipes	subtitle of 'BLW Meals: Starting Solids' (SERP 'blw' br)
baby foods tracker	name of 'Baby Foods Tracker' (SERP 'introdução alimentar' br)
baby meals recipes	subtitle of 'Baby Food' (SERP 'receitas para bebê' br)
bebê de nutri	name of 'Bebê de Nutri' (SERP 'introdução alimentar bebê' br)
blw alimentação bebê	name of 'BLW Alimentação Bebê - YumYum' (SERP 'papinha' br)
blw e alimentação infantil	subtitle of 'Pippin: Introdução Alimentar' (SERP 'introdução alimentar' br)
blw ideas	name of 'BLW Ideas - Recetas para bebé' (SERP 'blw' br)
comida de bebé	name of 'Comida de Bebé' (SERP 'introdução alimentar' br)
comidas	name of 'Introdução Alimentar: Comidas' (SERP 'introdução alimentar' br)
controle da introdução	subtitle of 'Papinhas' (SERP 'papinha' br)
desenvolvimento do bebê	subtitle of 'Bebê + | Seu registro do bebê' (SERP 'receitas para bebê' br)
importe receitas em segundos	subtitle of 'Receitei: Receitas com IA' (SERP 'receitas para bebê' br)
intro alimentar	name of 'BLW Receitas - Intro Alimentar' (SERP 'blw' br)
introdução alimentar do bebê	subtitle of 'Mundo BLW' (SERP 'blw' br)
introdução alimentar e blw	name of 'Introdução Alimentar e BLW' (SERP 'introdução alimentar' br)
little foodie	name of 'Little Foodie: Start Solids' (SERP 'papinha' br)
nutrição materno infantil	subtitle of 'Bebê de Nutri' (SERP 'introdução alimentar bebê' br)
papinhas	subtitle of 'Introdução Alimentar e BLW' (SERP 'introdução alimentar' br)
papinhas para bebês	subtitle of 'Mother Box' (SERP 'papinha' br)
plano alimentar lista mercado	subtitle of 'Cardápio Semanal' (SERP 'introdução alimentar' br)
receita	subtitle of 'Garfinho: Alimentação infantil' (SERP 'introdução alimentar' br)
receitas	subtitle of 'BLW Brasil - Alimentação bebês' (SERP 'introdução alimentar' br)
receitas com ia	name of 'Receitei: Receitas com IA' (SERP 'receitas para bebê' br)
receitas e contador	name of 'Crochê: Receitas e Contador' (SERP 'receitas para bebê' br)
receitas saudáveis	subtitle of 'Alimentos e Receitas para Bebê' (SERP 'papinha' br)
recetas para bebé	name of 'BLW Ideas - Recetas para bebé' (SERP 'blw' br)
salve receitas	name of 'Pitada: Salve Receitas' (SERP 'receitas para bebê' br)
seu registro do bebê	name of 'Bebê + | Seu registro do bebê' (SERP 'receitas para bebê' br)
start solids	name of 'Little Foodie: Start Solids' (SERP 'papinha' br)
tudogostoso receitas	name of 'TudoGostoso Receitas' (SERP 'receitas para bebê' br)
