Date	App Name	App Apple Identifier	Event	Page Type	Page Title	Source Type	Source Info	Campaign	Engagement Type	Device	Platform Version	Territory	Counts	Unique Counts
2026-07-12	BLW Baby Led Weaning Tracker	6758321287	Impression	No page	No page	App Store search				iPad	iOS 26.5	ES	7	6
2026-07-14	BLW Baby Led Weaning Tracker	6758321287	Impression	No page	No page	App Store search				iPhone	iOS 26.5	US	8	8
2026-07-12	BLW Baby Led Weaning Tracker	6758321287	Impression	No page	No page	App Store search				iPhone	iOS 26.5	BR	8	8
2026-07-13	BLW Baby Led Weaning Tracker	6758321287	Impression	No page	No page	App Store search				iPhone	iOS 26.5	BR	17	13
2026-07-12	BLW Baby Led Weaning Tracker	6758321287	Impression	No page	No page	App Store search				iPhone	iOS 26.5	US	6	6
2026-07-15	BLW Baby Led Weaning Tracker	6758321287	Impression	No page	No page	App Store search				iPhone	iOS 26.5	BR	22	14
2026-07-15	BLW Baby Led Weaning Tracker	6758321287	Impression	No page	No page	App Store search				iPhone	iOS 26.5	ES	5	5
2026-07-16	BLW Baby Led Weaning Tracker	6758321287	Impression	No page	No page	App Store search				iPhone	iOS 26.5	ES	5	5
2026-07-16	BLW Baby Led Weaning Tracker	6758321287	Impression	No page	No page	App Store search				iPhone	iOS 26.5	BR	7	7
2026-07-17	BLW Baby Led Weaning Tracker	6758321287	Impression	No page	No page	App Store search				iPhone	iOS 26.5	ES	8	5
2026-07-17	BLW Baby Led Weaning Tracker	6758321287	Impression	No page	No page	App Store search				iPhone	iOS 26.5	US	8	7
2026-07-18	BLW Baby Led Weaning Tracker	6758321287	Impression	No page	No page	App Store search				iPhone	iOS 26.5	ES	8	8
2026-07-18	BLW Baby Led Weaning Tracker	6758321287	Impression	No page	No page	App Store search				iPhone	iOS 26.5	MX	10	5
2026-07-19	BLW Baby Led Weaning Tracker	6758321287	Impression	No page	No page	App Store search				iPhone	iOS 26.5	BR	10	10
2026-07-21	BLW Baby Led Weaning Tracker	6758321287	Impression	No page	No page	App Store search				iPhone	iOS 26.5	ES	7	7
2026-07-22	BLW Baby Led Weaning Tracker	6758321287	Impression	No page	No page	App Store search				iPhone	iOS 26.5	BR	17	12
2026-07-22	BLW Baby Led Weaning Tracker	6758321287	Impression	No page	No page	App Store search				iPhone	iOS 26.5	MX	6	6
2026-07-23	BLW Baby Led Weaning Tracker	6758321287	Impression	No page	No page	App Store search				iPhone	iOS 26.5	BR	15	12
2026-07-23	BLW Baby Led Weaning Tracker	6758321287	Impression	No page	No page	App Store search				iPhone	iOS 26.5	MX	5	5
2026-07-23	BLW Baby Led Weaning Tracker	6758321287	Impression	No page	No page	App Store search				iPhone	iOS 26.5	ES	7	6
2026-07-24	BLW Baby Led Weaning Tracker	6758321287	Impression	No page	No page	App Store search				iPhone	iOS 26.5	BR	16	14
2026-07-24	BLW Baby Led Weaning Tracker	6758321287	Impression	No page	No page	App Store search				iPhone	iOS 26.5	US	8	6
2026-07-25	BLW Baby Led Weaning Tracker	6758321287	Impression	No page	No page	App Store search				iPhone	iOS 26.5	GB	5	5
2026-07-25	BLW Baby Led Weaning Tracker	6758321287	Impression	No page	No page	App Store search				iPhone	iOS 26.5	ES	10	6
2026-07-26	BLW Baby Led Weaning Tracker	6758321287	Impression	No page	No page	App Store search				iPhone	iOS 26.5	ES	13	12
2026-07-26	BLW Baby Led Weaning Tracker	6758321287	Impression	No page	No page	App Store search				iPhone	iOS 26.5	BR	10	8
2026-07-26	BLW Baby Led Weaning Tracker	6758321287	Impression	No page	No page	App Store search				iPhone	iOS 26.5	MX	5	5
2026-07-27	BLW Baby Led Weaning Tracker	6758321287	Impression	No page	No page	App Store search				iPhone	iOS 26.5	ES	15	8
2026-07-27	BLW Baby Led Weaning Tracker	6758321287	Impression	No page	No page	App Store search				iPhone	iOS 26.5	BR	15	14
2026-07-27	BLW Baby Led Weaning Tracker	6758321287	Impression	No page	No page	App Store search				iPhone	iOS 26.5	MX	6	5
2026-07-27	BLW Baby Led Weaning Tracker	6758321287	Impression	No page	No page	App Store search				iPhone	iOS 26.5	US	8	8
2026-07-28	BLW Baby Led Weaning Tracker	6758321287	Impression	No page	No page	App Store search				iPhone	iOS 26.5	ES	13	9
2026-07-28	BLW Baby Led Weaning Tracker	6758321287	Impression	No page	No page	App Store search				iPhone	iOS 26.5	BR	14	13
2026-07-28	BLW Baby Led Weaning Tracker	6758321287	Impression	No page	No page	App Store search				iPhone	iOS 26.5	CO	9	5
2026-07-28	BLW Baby Led Weaning Tracker	6758321287	Impression	No page	No page	App Store search				iPhone	iOS 26.5	US	8	8
2026-07-28	BLW Baby Led Weaning Tracker	6758321287	Impression	No page	No page	App Store search				iPhone	iOS 18.0	US	11	11
2026-07-29	BLW Baby Led Weaning Tracker	6758321287	Impression	No page	No page	App Store search				iPhone	iOS 26.5	ES	22	10
2026-07-29	BLW Baby Led Weaning Tracker	6758321287	Impression	No page	No page	App Store search				iPhone	iOS 26.5	BR	12	11
2026-07-29	BLW Baby Led Weaning Tracker	6758321287	Impression	No page	No page	App Store search				iPhone	iOS 26.5	US	10	10
2026-07-29	BLW Baby Led Weaning Tracker	6758321287	Page view	Product page	Default product page	App Store search				iPhone	iOS 26.5	ES	6	6
2026-07-30	BLW Baby Led Weaning Tracker	6758321287	Impression	No page	No page	App Store search				iPhone	iOS 26.5	BR	9	9
2026-07-30	BLW Baby Led Weaning Tracker	6758321287	Impression	No page	No page	App Store search				iPhone	iOS 26.5	ES	10	5
2026-07-31	BLW Baby Led Weaning Tracker	6758321287	Impression	No page	No page	App Store search				iPhone	iOS 26.5	BR	13	11
2026-07-31	BLW Baby Led Weaning Tracker	6758321287	Impression	No page	No page	App Store search				iPhone	iOS 26.5	ES	15	10
2026-08-01	BLW Baby Led Weaning Tracker	6758321287	Impression	No page	No page	App Store search				iPhone	iOS 26.5	US	8	8
2026-08-01	BLW Baby Led Weaning Tracker	6758321287	Impression	No page	No page	App Store search				iPhone	iOS 26.5	ES	6	5
2026-08-02	BLW Baby Led Weaning Tracker	6758321287	Impression	No page	No page	App Store search				iPhone	iOS 26.5	US	6	6
2026-08-02	BLW Baby Led Weaning Tracker	6758321287	Impression	No page	No page	App Store search				iPhone	iOS 26.5	DO	5	5
2026-08-02	BLW Baby Led Weaning Tracker	6758321287	Impression	No page	No page	App Store search				iPhone	iOS 26.5	MX	10	10
2026-08-02	BLW Baby Led Weaning Tracker	6758321287	Impression	No page	No page	App Store search				iPhone	iOS 26.5	BR	5	5
2026-08-03	BLW Baby Led Weaning Tracker	6758321287	Impression	No page	No page	App Store search				iPad	iOS 26.5	CN	5	5
2026-08-03	BLW Baby Led Weaning Tracker	6758321287	Impression	No page	No page	App Store search				iPhone	iOS 26.5	US	6	5
2026-08-03	BLW Baby Led Weaning Tracker	6758321287	Impression	No page	No page	App Store search				iPhone	iOS 26.5	ES	17	12
2026-08-03	BLW Baby Led Weaning Tracker	6758321287	Impression	No page	No page	App Store search				iPhone	iOS 26.5	BR	14	10
2026-08-03	BLW Baby Led Weaning Tracker	6758321287	Impression	No page	No page	App Store search				iPhone	iOS 26.5	MX	19	18
2026-08-04	BLW Baby Led Weaning Tracker	6758321287	Impression	No page	No page	App Store search				iPhone	iOS 26.5	US	23	23
2026-08-04	BLW Baby Led Weaning Tracker	6758321287	Impression	No page	No page	App Store search				iPhone	iOS 26.5	BR	21	17
2026-08-04	BLW Baby Led Weaning Tracker	6758321287	Impression	No page	No page	App Store search				iPhone	iOS 26.5	ES	12	9
2026-08-03	BLW Baby Led Weaning Tracker	6758321287	Impression	No page	No page	App Store search				iPhone	iOS 26.5	MX	20	18
2026-08-04	BLW Baby Led Weaning Tracker	6758321287	Impression	No page	No page	App Store search				iPhone	iOS 26.5	MX	26	24
2026-08-04	BLW Baby Led Weaning Tracker	6758321287	Impression	No page	No page	App Store search				iPad	iOS 26.5	US	8	8
2026-08-05	BLW Baby Led Weaning Tracker	6758321287	Impression	No page	No page	App Store search				iPhone	iOS 26.5	MX	16	11
2026-08-05	BLW Baby Led Weaning Tracker	6758321287	Impression	No page	No page	App Store search				iPhone	iOS 26.5	BR	12	5
2026-08-05	BLW Baby Led Weaning Tracker	6758321287	Impression	No page	No page	App Store search				iPhone	iOS 26.5	US	7	7
2026-08-06	BLW Baby Led Weaning Tracker	6758321287	Impression	No page	No page	App Store search				iPhone	iOS 26.6	ES	5	5
2026-08-06	BLW Baby Led Weaning Tracker	6758321287	Impression	No page	No page	App Store search				iPhone	iOS 26.5	BR	13	8
2026-08-06	BLW Baby Led Weaning Tracker	6758321287	Impression	No page	No page	App Store search				iPhone	iOS 26.6	MX	5	5
2026-08-06	BLW Baby Led Weaning Tracker	6758321287	Impression	No page	No page	App Store search				iPhone	iOS 26.5	ES	5	5
2026-08-07	BLW Baby Led Weaning Tracker	6758321287	Impression	No page	No page	App Store search				iPhone	iOS 26.5	ES	7	7
2026-08-08	BLW Baby Led Weaning Tracker	6758321287	Impression	No page	No page	App Store search				iPhone	iOS 26.5	MX	12	8
2026-08-08	BLW Baby Led Weaning Tracker	6758321287	Impression	No page	No page	App Store search				iPhone	iOS 26.6	MX	7	7
2026-08-08	BLW Baby Led Weaning Tracker	6758321287	Impression	No page	No page	App Store search				iPad	iOS 26.5	US	18	11
2026-08-08	BLW Baby Led Weaning Tracker	6758321287	Impression	No page	No page	App Store search				iPhone	iOS 26.5	US	26	23
2026-08-08	BLW Baby Led Weaning Tracker	6758321287	Impression	No page	No page	App Store search				iPhone	iOS 26.5	BR	20	13
2026-08-08	BLW Baby Led Weaning Tracker	6758321287	Impression	No page	No page	App Store search				iPhone	iOS 26.6	BR	7	7
2026-08-08	BLW Baby Led Weaning Tracker	6758321287	Impression	No page	No page	App Store search				iPad	iOS 26.5	MX	9	9
2026-08-09	BLW Baby Led Weaning Tracker	6758321287	Impression	No page	No page	App Store search				iPhone	iOS 26.5	BR	7	7
2026-08-10	BLW Baby Led Weaning Tracker	6758321287	Impression	No page	No page	App Store search				iPhone	iOS 26.6	MX	6	6
2026-08-10	BLW Baby Led Weaning Tracker	6758321287	Impression	No page	No page	App Store search				iPhone	iOS 26.5	BR	8	5
2026-08-10	BLW Baby Led Weaning Tracker	6758321287	Impression	No page	No page	App Store browse				iPhone	iOS 26.6	MX	6	6
2026-07-05	BLW Baby Led Weaning Tracker	6758321287	Impression	No page	No page	App Store search				iPhone	iOS 26.5	US	6	6
2026-02-19	BLW Baby Led Weaning Tracker	6758321287	Impression	No page	No page	App Store search				iPhone	iOS 26.2	BR	23	12
2026-07-05	BLW Baby Led Weaning Tracker	6758321287	Impression	No page	No page	App Store search				iPhone	iOS 26.5	BR	10	7
2026-02-19	BLW Baby Led Weaning Tracker	6758321287	Impression	No page	No page	App Store search				iPhone	iOS 26.2	MX	10	5
2026-07-05	BLW Baby Led Weaning Tracker	6758321287	Impression	No page	No page	App Store search				iPhone	iOS 26.5	ES	8	8
2026-02-19	BLW Baby Led Weaning Tracker	6758321287	Impression	No page	No page	App Store search				iPhone	iOS 26.2	US	7	7
2026-02-19	BLW Baby Led Weaning Tracker	6758321287	Impression	No page	No page	App Store search				iPhone	iOS 26.2	NO	8	8
2026-06-21	BLW Baby Led Weaning Tracker	6758321287	Impression	No page	No page	App Store search				iPhone	iOS 26.5	BR	9	9
2026-05-29	BLW Baby Led Weaning Tracker	6758321287	Impression	No page	No page	App Store search				iPhone	iOS 26.4	BR	9	5
2026-05-29	BLW Baby Led Weaning Tracker	6758321287	Impression	No page	No page	App Store search				iPhone	iOS 26.5	ES	6	6
2026-04-10	BLW Baby Led Weaning Tracker	6758321287	Impression	No page	No page	App Store search				iPhone	iOS 26.3	BR	6	6
2026-05-15	BLW Baby Led Weaning Tracker	6758321287	Impression	No page	No page	App Store search				iPhone	iOS 26.4	ES	5	5
2026-04-10	BLW Baby Led Weaning Tracker	6758321287	Impression	No page	No page	App Store search				iPhone	iOS 26.3	CO	5	5
2026-05-15	BLW Baby Led Weaning Tracker	6758321287	Impression	No page	No page	App Store search				iPhone	iOS 26.3	MX	5	5
2026-03-03	BLW Baby Led Weaning Tracker	6758321287	Impression	No page	No page	App Store search				iPhone	iOS 26.3	ES	8	7
2026-05-15	BLW Baby Led Weaning Tracker	6758321287	Impression	No page	No page	App Store search				iPhone	iOS 26.3	BR	8	8
2026-05-01	BLW Baby Led Weaning Tracker	6758321287	Impression	No page	No page	App Store search				iPhone	iOS 26.3	GT	5	5
2026-05-15	BLW Baby Led Weaning Tracker	6758321287	Impression	No page	No page	App Store search				iPhone	iOS 26.4	BR	5	5
2026-05-01	BLW Baby Led Weaning Tracker	6758321287	Impression	No page	No page	App Store search				iPhone	iOS 26.3	US	5	5
2026-06-09	BLW Baby Led Weaning Tracker	6758321287	Impression	No page	No page	App Store search				iPad	iOS 26.5	CN	6	6
2026-05-01	BLW Baby Led Weaning Tracker	6758321287	Impression	No page	No page	App Store search				iPhone	iOS 26.3	BR	6	6
2026-06-09	BLW Baby Led Weaning Tracker	6758321287	Impression	No page	No page	App Store search				iPhone	iOS 26.5	BR	11	11
2026-02-20	BLW Baby Led Weaning Tracker	6758321287	Impression	No page	No page	App Store search				iPhone	iOS 18.6	BR	7	7
2026-06-09	BLW Baby Led Weaning Tracker	6758321287	Impression	No page	No page	App Store search				iPhone	iOS 26.5	ES	13	10
2026-02-20	BLW Baby Led Weaning Tracker	6758321287	Impression	No page	No page	App Store search				iPhone	iOS 26.2	BR	9	6
2026-06-08	BLW Baby Led Weaning Tracker	6758321287	Impression	No page	No page	App Store search				iPhone	iOS 26.5	ES	5	5
2026-02-20	BLW Baby Led Weaning Tracker	6758321287	Page view	Product page	Default product page	App Store search				iPhone	iOS 26.2	BR	5	5
2026-06-08	BLW Baby Led Weaning Tracker	6758321287	Impression	No page	No page	App Store search				iPhone	iOS 26.5	MX	7	7
2026-06-08	BLW Baby Led Weaning Tracker	6758321287	Impression	No page	No page	App Store search				iPhone	iOS 26.5	BR	12	8
2026-05-10	BLW Baby Led Weaning Tracker	6758321287	Impression	No page	No page	App Store search				iPhone	iOS 26.3	ES	5	5
2026-04-29	BLW Baby Led Weaning Tracker	6758321287	Impression	No page	No page	App Store search				iPhone	iOS 26.3	BR	19	13
2026-04-29	BLW Baby Led Weaning Tracker	6758321287	Impression	No page	No page	App Store search				iPhone	iOS 26.3	ES	6	6
2026-03-22	BLW Baby Led Weaning Tracker	6758321287	Impression	No page	No page	App Store search				iPhone	iOS 18.4	US	7	7
2026-03-23	BLW Baby Led Weaning Tracker	6758321287	Impression	No page	No page	App Store search				iPhone	iOS 26.3	ES	12	6
2026-04-06	BLW Baby Led Weaning Tracker	6758321287	Impression	No page	No page	App Store search				iPhone	iOS 26.3	BR	6	6
2026-04-06	BLW Baby Led Weaning Tracker	6758321287	Impression	No page	No page	App Store search				iPhone	iOS 26.3	US	8	8
2026-05-11	BLW Baby Led Weaning Tracker	6758321287	Impression	No page	No page	App Store search				iPhone	iOS 26.4	ES	8	7
2026-03-18	BLW Baby Led Weaning Tracker	6758321287	Impression	No page	No page	App Store search				iPhone	iOS 26.3	BR	5	5
2026-03-12	BLW Baby Led Weaning Tracker	6758321287	Impression	No page	No page	App Store search				iPhone	iOS 26.3	US	5	5
2026-04-15	BLW Baby Led Weaning Tracker	6758321287	Impression	No page	No page	App Store search				iPhone	iOS 26.3	ES	9	6
2026-04-15	BLW Baby Led Weaning Tracker	6758321287	Page view	Product page	Default product page	App Store search				iPhone	iOS 26.3	MX	6	6
2026-04-15	BLW Baby Led Weaning Tracker	6758321287	Impression	No page	No page	App Store search				iPhone	iOS 26.3	BR	8	5
2026-04-28	BLW Baby Led Weaning Tracker	6758321287	Impression	No page	No page	App Store search				iPhone	iOS 26.3	BR	9	9
2026-04-28	BLW Baby Led Weaning Tracker	6758321287	Impression	No page	No page	App Store search				iPhone	iOS 26.3	ES	5	5
2026-04-28	BLW Baby Led Weaning Tracker	6758321287	Impression	No page	No page	App Store search				iPhone	iOS 26.4	BR	5	5
2026-04-25	BLW Baby Led Weaning Tracker	6758321287	Impression	No page	No page	App Store search				iPhone	iOS 26.4	ES	8	8
2026-04-25	BLW Baby Led Weaning Tracker	6758321287	Impression	No page	No page	App Store search				iPhone	iOS 26.3	BR	12	7
2026-04-25	BLW Baby Led Weaning Tracker	6758321287	Impression	No page	No page	App Store search				iPhone	iOS 26.3	US	5	5
2026-04-25	BLW Baby Led Weaning Tracker	6758321287	Impression	No page	No page	App Store search				iPhone	iOS 26.3	ES	7	6
2026-05-17	BLW Baby Led Weaning Tracker	6758321287	Impression	No page	No page	App Store search				iPhone	iOS 26.4	MX	7	5
2026-05-17	BLW Baby Led Weaning Tracker	6758321287	Impression	No page	No page	App Store search				iPhone	iOS 26.4	BR	8	8
2026-06-15	BLW Baby Led Weaning Tracker	6758321287	Impression	No page	No page	App Store search				iPhone	iOS 26.5	ES	11	9
2026-06-15	BLW Baby Led Weaning Tracker	6758321287	Impression	No page	No page	App Store search				iPhone	iOS 26.5	BR	9	6
2026-06-15	BLW Baby Led Weaning Tracker	6758321287	Impression	No page	No page	App Store search				iPhone	iOS 26.5	US	5	5
2026-03-14	BLW Baby Led Weaning Tracker	6758321287	Impression	No page	No page	App Store search				iPad	iOS 26.3	CN	7	7
2026-07-09	BLW Baby Led Weaning Tracker	6758321287	Impression	No page	No page	App Store search				iPhone	iOS 26.5	MX	7	7
2026-07-09	BLW Baby Led Weaning Tracker	6758321287	Impression	No page	No page	App Store search				iPhone	iOS 26.5	US	12	11
2026-07-09	BLW Baby Led Weaning Tracker	6758321287	Impression	No page	No page	App Store search				iPhone	iOS 26.5	BR	11	7
2026-04-17	BLW Baby Led Weaning Tracker	6758321287	Impression	No page	No page	App Store search				iPhone	iOS 18.7	BR	5	5
2026-04-17	BLW Baby Led Weaning Tracker	6758321287	Impression	No page	No page	App Store search				iPhone	iOS 26.3	ES	16	10
2026-04-17	BLW Baby Led Weaning Tracker	6758321287	Impression	No page	No page	App Store search				iPhone	iOS 26.3	BR	6	6
2026-04-17	BLW Baby Led Weaning Tracker	6758321287	Impression	No page	No page	App Store search				iPhone	iOS 17.6	BR	7	7
2026-04-27	BLW Baby Led Weaning Tracker	6758321287	Impression	No page	No page	App Store search				iPhone	iOS 26.3	CO	9	6
2026-04-27	BLW Baby Led Weaning Tracker	6758321287	Impression	No page	No page	App Store search				iPhone	iOS 26.3	BR	12	10
2026-06-02	BLW Baby Led Weaning Tracker	6758321287	Impression	No page	No page	App Store search				iPhone	iOS 26.5	BR	10	10
2026-06-02	BLW Baby Led Weaning Tracker	6758321287	Impression	No page	No page	App Store search				iPhone	iOS 18.6	BR	6	6
2026-06-02	BLW Baby Led Weaning Tracker	6758321287	Impression	No page	No page	App Store search				iPhone	iOS 26.5	ES	13	10
2026-04-30	BLW Baby Led Weaning Tracker	6758321287	Page view	Product page	Default product page	App Store search				iPhone	iOS 26.3	ES	7	7
2026-04-30	BLW Baby Led Weaning Tracker	6758321287	Impression	No page	No page	App Store search				iPhone	iOS 26.3	BR	8	8
2026-04-30	BLW Baby Led Weaning Tracker	6758321287	Impression	No page	No page	App Store search				iPhone	iOS 18.6	BR	6	6
2026-05-03	BLW Baby Led Weaning Tracker	6758321287	Impression	No page	No page	App Store search				iPhone	iOS 26.3	MX	6	6
2026-05-30	BLW Baby Led Weaning Tracker	6758321287	Impression	No page	No page	App Store search				iPhone	iOS 26.5	ES	8	7
2026-05-30	BLW Baby Led Weaning Tracker	6758321287	Impression	No page	No page	App Store search				iPhone	iOS 26.4	US	5	5
2026-05-30	BLW Baby Led Weaning Tracker	6758321287	Impression	No page	No page	App Store search				iPhone	iOS 26.5	BR	10	7
2026-04-01	BLW Baby Led Weaning Tracker	6758321287	Impression	No page	No page	App Store search				iPhone	iOS 26.3	BR	12	5
2026-05-27	BLW Baby Led Weaning Tracker	6758321287	Impression	No page	No page	App Store search				iPhone	iOS 26.5	ES	8	5
2026-05-27	BLW Baby Led Weaning Tracker	6758321287	Impression	No page	No page	App Store search				iPhone	iOS 26.5	BR	7	7
2026-02-28	BLW Baby Led Weaning Tracker	6758321287	Impression	No page	No page	App Store search				iPhone	iOS 26.3	ES	8	8
2026-05-20	BLW Baby Led Weaning Tracker	6758321287	Impression	No page	No page	App Store search				iPhone	iOS 26.3	BR	5	5
2026-05-20	BLW Baby Led Weaning Tracker	6758321287	Impression	No page	No page	App Store search				iPhone	iOS 26.4	BR	9	7
2026-05-20	BLW Baby Led Weaning Tracker	6758321287	Impression	No page	No page	App Store search				iPhone	iOS 18.7	BR	5	5
2026-06-24	BLW Baby Led Weaning Tracker	6758321287	Impression	No page	No page	App Store search				iPhone	iOS 26.5	US	19	10
2026-06-24	BLW Baby Led Weaning Tracker	6758321287	Impression	No page	No page	App Store search				iPhone	iOS 26.5	ES	6	6
2026-06-24	BLW Baby Led Weaning Tracker	6758321287	Impression	No page	No page	App Store search				iPhone	iOS 26.5	BR	9	5
2026-06-19	BLW Baby Led Weaning Tracker	6758321287	Impression	No page	No page	App Store search				iPhone	iOS 26.5	BR	7	7
2026-04-22	BLW Baby Led Weaning Tracker	6758321287	Impression	No page	No page	App Store search				iPhone	iOS 26.4	BR	5	5
2026-04-22	BLW Baby Led Weaning Tracker	6758321287	Impression	No page	No page	App Store search				iPhone	iOS 26.3	US	9	5
2026-04-22	BLW Baby Led Weaning Tracker	6758321287	Impression	No page	No page	App Store search				iPhone	iOS 26.3	BR	7	7
2026-04-22	BLW Baby Led Weaning Tracker	6758321287	Impression	No page	No page	App Store search				iPhone	iOS 18.7	BR	8	8
2026-06-25	BLW Baby Led Weaning Tracker	6758321287	Impression	No page	No page	App Store search				iPhone	iOS 26.5	BR	10	10
2026-06-25	BLW Baby Led Weaning Tracker	6758321287	Impression	No page	No page	App Store search				iPhone	iOS 26.5	CO	7	7
2026-06-25	BLW Baby Led Weaning Tracker	6758321287	Impression	No page	No page	App Store search				iPhone	iOS 26.5	US	8	8
2026-07-03	BLW Baby Led Weaning Tracker	6758321287	Impression	No page	No page	App Store search				iPhone	iOS 26.5	US	7	7
2026-07-03	BLW Baby Led Weaning Tracker	6758321287	Impression	No page	No page	App Store search				iPhone	iOS 26.5	BR	12	7
2026-05-02	BLW Baby Led Weaning Tracker	6758321287	Impression	No page	No page	App Store search				iPhone	iOS 18.7	US	5	5
2026-05-05	BLW Baby Led Weaning Tracker	6758321287	Impression	No page	No page	App Store search				iPhone	iOS 18.7	BR	7	5
2026-05-05	BLW Baby Led Weaning Tracker	6758321287	Impression	No page	No page	App Store search				iPhone	iOS 26.4	ES	6	6
2026-05-05	BLW Baby Led Weaning Tracker	6758321287	Impression	No page	No page	App Store search				iPhone	iOS 26.4	BR	5	5
2026-05-05	BLW Baby Led Weaning Tracker	6758321287	Impression	No page	No page	App Store search				iPhone	iOS 26.3	BR	8	5
2026-05-05	BLW Baby Led Weaning Tracker	6758321287	Impression	No page	No page	App Store search				iPhone	iOS 26.3	US	7	7
2026-02-17	BLW Baby Led Weaning Tracker	6758321287	Impression	No page	No page	App Store search				iPhone	iOS 26.2	BR	8	6
2026-06-23	BLW Baby Led Weaning Tracker	6758321287	Impression	No page	No page	App Store search				iPhone	iOS 26.5	BR	11	8
2026-02-25	BLW Baby Led Weaning Tracker	6758321287	Impression	No page	No page	App Store search				iPhone	iOS 26.2	BR	6	6
2026-02-25	BLW Baby Led Weaning Tracker	6758321287	Impression	No page	No page	App Store search				iPhone	iOS 18.6	BR	5	5
2026-06-05	BLW Baby Led Weaning Tracker	6758321287	Impression	No page	No page	App Store search				iPad	iOS 26.5	US	5	5
2026-06-05	BLW Baby Led Weaning Tracker	6758321287	Impression	No page	No page	App Store search				iPhone	iOS 26.5	US	11	6
2026-04-24	BLW Baby Led Weaning Tracker	6758321287	Impression	No page	No page	App Store search				iPhone	iOS 26.3	CO	5	5
2026-05-22	BLW Baby Led Weaning Tracker	6758321287	Impression	No page	No page	App Store search				iPhone	iOS 18.6	BR	8	5
2026-05-22	BLW Baby Led Weaning Tracker	6758321287	Impression	No page	No page	App Store search				iPhone	iOS 26.4	BR	8	6
2026-07-11	BLW Baby Led Weaning Tracker	6758321287	Impression	No page	No page	App Store search				iPhone	iOS 26.5	BR	13	10
2026-07-11	BLW Baby Led Weaning Tracker	6758321287	Impression	No page	No page	App Store search				iPhone	iOS 26.5	US	6	5
2026-04-05	BLW Baby Led Weaning Tracker	6758321287	Impression	No page	No page	App Store search				iPhone	iOS 26.3	BR	8	7
2026-05-21	BLW Baby Led Weaning Tracker	6758321287	Impression	No page	No page	App Store search				iPhone	iOS 26.4	CL	5	5
2026-05-21	BLW Baby Led Weaning Tracker	6758321287	Impression	No page	No page	App Store search				iPhone	iOS 26.4	BR	14	8
2026-06-03	BLW Baby Led Weaning Tracker	6758321287	Impression	No page	No page	App Store search				iPhone	iOS 26.5	BR	6	6
2026-06-03	BLW Baby Led Weaning Tracker	6758321287	Impression	No page	No page	App Store search				iPhone	iOS 26.5	ES	14	10
2026-06-03	BLW Baby Led Weaning Tracker	6758321287	Impression	No page	No page	App Store search				iPhone	iOS 26.5	US	12	8
2026-06-03	BLW Baby Led Weaning Tracker	6758321287	Impression	No page	No page	App Store search				iPhone	iOS 26.5	MX	14	9
2026-05-09	BLW Baby Led Weaning Tracker	6758321287	Page view	Product page	Default product page	App Store search				iPhone	iOS 26.3	ES	5	5
2026-04-07	BLW Baby Led Weaning Tracker	6758321287	Impression	No page	No page	App Store search				iPhone	iOS 26.3	MX	5	5
2026-04-07	BLW Baby Led Weaning Tracker	6758321287	Impression	No page	No page	App Store search				iPhone	iOS 26.3	ES	12	11
2026-04-14	BLW Baby Led Weaning Tracker	6758321287	Impression	No page	No page	App Store search				iPhone	iOS 26.3	US	5	5
2026-04-14	BLW Baby Led Weaning Tracker	6758321287	Impression	No page	No page	App Store search				iPhone	iOS 26.3	ES	10	8
2026-04-14	BLW Baby Led Weaning Tracker	6758321287	Impression	No page	No page	App Store search				iPhone	iOS 26.3	BR	16	10
2026-04-14	BLW Baby Led Weaning Tracker	6758321287	Impression	No page	No page	App Store search				iPhone	iOS 26.3	CO	6	6
2026-04-14	BLW Baby Led Weaning Tracker	6758321287	Impression	No page	No page	App Store search				iPhone	iOS 26.2	ES	6	6
2026-04-14	BLW Baby Led Weaning Tracker	6758321287	Impression	No page	No page	App Store search				iPhone	iOS 18.6	BR	6	5
2026-04-13	BLW Baby Led Weaning Tracker	6758321287	Impression	No page	No page	App Store search				iPhone	iOS 26.3	MX	6	6
2026-04-13	BLW Baby Led Weaning Tracker	6758321287	Impression	No page	No page	App Store search				iPhone	iOS 26.3	ES	9	7
2026-04-13	BLW Baby Led Weaning Tracker	6758321287	Impression	No page	No page	App Store search				iPhone	iOS 26.3	CO	12	5
2026-06-11	BLW Baby Led Weaning Tracker	6758321287	Impression	No page	No page	App Store search				iPhone	iOS 26.5	US	11	10
2026-06-11	BLW Baby Led Weaning Tracker	6758321287	Impression	No page	No page	App Store search				iPhone	iOS 26.5	BR	11	5
2026-05-18	BLW Baby Led Weaning Tracker	6758321287	Impression	No page	No page	App Store search				iPhone	iOS 26.5	BR	5	5
2026-05-18	BLW Baby Led Weaning Tracker	6758321287	Impression	No page	No page	App Store search				iPhone	iOS 26.4	MX	5	5
2026-05-18	BLW Baby Led Weaning Tracker	6758321287	Impression	No page	No page	App Store search				iPhone	iOS 26.4	BR	15	5
2026-05-18	BLW Baby Led Weaning Tracker	6758321287	Impression	No page	No page	App Store search				iPhone	iOS 26.3	ES	7	7
2026-05-19	BLW Baby Led Weaning Tracker	6758321287	Impression	No page	No page	App Store search				iPhone	iOS 26.4	CO	5	5
2026-05-19	BLW Baby Led Weaning Tracker	6758321287	Impression	No page	No page	App Store search				iPhone	iOS 26.4	US	6	6
2026-05-19	BLW Baby Led Weaning Tracker	6758321287	Impression	No page	No page	App Store search				iPhone	iOS 26.4	ES	16	7
2026-05-19	BLW Baby Led Weaning Tracker	6758321287	Impression	No page	No page	App Store search				iPhone	iOS 26.4	BR	11	6
2026-03-02	BLW Baby Led Weaning Tracker	6758321287	Impression	No page	No page	App Store search				iPhone	iOS 26.3	ES	8	6
2026-07-07	BLW Baby Led Weaning Tracker	6758321287	Impression	No page	No page	App Store search				iPhone	iOS 26.5	US	8	7
2026-07-07	BLW Baby Led Weaning Tracker	6758321287	Impression	No page	No page	App Store search				iPhone	iOS 26.5	BR	5	5
2026-07-07	BLW Baby Led Weaning Tracker	6758321287	Impression	No page	No page	App Store search				iPhone	iOS 26.5	MX	6	6
2026-07-07	BLW Baby Led Weaning Tracker	6758321287	Impression	No page	No page	App Store search				iPhone	iOS 26.5	ES	5	5
2026-05-25	BLW Baby Led Weaning Tracker	6758321287	Impression	No page	No page	App Store search				iPhone	iOS 26.5	BR	12	5
2026-06-16	BLW Baby Led Weaning Tracker	6758321287	Impression	No page	No page	App Store search				iPhone	iOS 26.5	MX	5	5
2026-06-16	BLW Baby Led Weaning Tracker	6758321287	Impression	No page	No page	App Store search				iPhone	iOS 26.3	BR	5	5
2026-06-16	BLW Baby Led Weaning Tracker	6758321287	Impression	No page	No page	App Store search				iPhone	iOS 26.5	BR	16	9
2026-06-16	BLW Baby Led Weaning Tracker	6758321287	Impression	No page	No page	App Store search				iPhone	iOS 26.4	US	5	5
2026-06-16	BLW Baby Led Weaning Tracker	6758321287	Impression	No page	No page	App Store search				iPhone	iOS 26.5	CL	6	6
2026-06-16	BLW Baby Led Weaning Tracker	6758321287	Impression	No page	No page	App Store search				iPhone	iOS 18.7	BR	8	8
2026-06-17	BLW Baby Led Weaning Tracker	6758321287	Impression	No page	No page	App Store search				iPhone	iOS 26.5	BR	22	16
2026-06-17	BLW Baby Led Weaning Tracker	6758321287	Page view	Product page	Default product page	App Store search				iPhone	iOS 26.5	BR	5	5
2026-03-16	BLW Baby Led Weaning Tracker	6758321287	Impression	No page	No page	App Store search				iPhone	iOS 26.3	BR	8	7
2026-06-30	BLW Baby Led Weaning Tracker	6758321287	Impression	No page	No page	App Store search				iPhone	iOS 26.5	US	9	9
2026-06-30	BLW Baby Led Weaning Tracker	6758321287	Impression	No page	No page	App Store search				iPhone	iOS 26.5	ES	12	10
2026-07-01	BLW Baby Led Weaning Tracker	6758321287	Impression	No page	No page	App Store search				iPhone	iOS 26.5	BR	10	10
2026-07-01	BLW Baby Led Weaning Tracker	6758321287	Impression	No page	No page	App Store search				iPhone	iOS 26.5	US	8	8
2026-07-01	BLW Baby Led Weaning Tracker	6758321287	Impression	No page	No page	App Store search				iPhone	iOS 26.5	ES	12	8
2026-03-04	BLW Baby Led Weaning Tracker	6758321287	Impression	No page	No page	App Store search				iPhone	iOS 26.3	BR	6	5
2026-05-04	BLW Baby Led Weaning Tracker	6758321287	Impression	No page	No page	App Store search				iPhone	iOS 26.3	BR	9	5
2026-05-04	BLW Baby Led Weaning Tracker	6758321287	Impression	No page	No page	App Store search				iPhone	iOS 26.3	ES	9	6
2026-06-12	BLW Baby Led Weaning Tracker	6758321287	Impression	No page	No page	App Store search				iPhone	iOS 26.5	MX	7	7
2026-06-12	BLW Baby Led Weaning Tracker	6758321287	Impression	No page	No page	App Store search				iPhone	iOS 26.5	BR	8	8
2026-03-09	BLW Baby Led Weaning Tracker	6758321287	Impression	No page	No page	App Store search				iPhone	iOS 26.2	ES	5	5
2026-05-28	BLW Baby Led Weaning Tracker	6758321287	Impression	No page	No page	App Store search				iPhone	iOS 26.5	BR	9	9
2026-05-28	BLW Baby Led Weaning Tracker	6758321287	Impression	No page	No page	App Store search				iPhone	iOS 26.5	ES	19	5
2026-04-02	BLW Baby Led Weaning Tracker	6758321287	Impression	No page	No page	App Store search				iPhone	iOS 18.6	BR	14	5
2026-04-02	BLW Baby Led Weaning Tracker	6758321287	Impression	No page	No page	App Store search				iPhone	iOS 26.3	US	6	6
2026-03-01	BLW Baby Led Weaning Tracker	6758321287	Impression	No page	No page	App Store search				iPhone	iOS 26.3	BR	9	9
2026-03-01	BLW Baby Led Weaning Tracker	6758321287	Impression	No page	No page	App Store search				iPhone	iOS 26.3	ES	6	6
2026-04-20	BLW Baby Led Weaning Tracker	6758321287	Impression	No page	No page	App Store search				iPhone	iOS 26.3	MX	22	12
2026-04-20	BLW Baby Led Weaning Tracker	6758321287	Impression	No page	No page	App Store search				iPhone	iOS 26.3	ES	8	6
2026-06-13	BLW Baby Led Weaning Tracker	6758321287	Impression	No page	No page	App Store search				iPhone	iOS 26.5	US	6	6
2026-06-07	BLW Baby Led Weaning Tracker	6758321287	Impression	No page	No page	App Store search				iPhone	iOS 26.5	BR	10	5
2026-06-07	BLW Baby Led Weaning Tracker	6758321287	Impression	No page	No page	App Store search				iPad	iOS 26.5	ES	7	7
2026-06-07	BLW Baby Led Weaning Tracker	6758321287	Impression	No page	No page	App Store search				iPhone	iOS 26.5	US	7	5
2026-07-06	BLW Baby Led Weaning Tracker	6758321287	Impression	No page	No page	App Store search				iPhone	iOS 26.5	BR	7	5
2026-07-06	BLW Baby Led Weaning Tracker	6758321287	Impression	No page	No page	App Store search				iPhone	iOS 26.5	MX	5	5
2026-07-06	BLW Baby Led Weaning Tracker	6758321287	Impression	No page	No page	App Store search				iPhone	iOS 26.5	ES	6	5
2026-03-05	BLW Baby Led Weaning Tracker	6758321287	Impression	No page	No page	App Store search				iPhone	iOS 26.3	BR	8	6
2026-05-06	BLW Baby Led Weaning Tracker	6758321287	Impression	No page	No page	App Store search				iPhone	iOS 26.3	MX	7	7
2026-05-06	BLW Baby Led Weaning Tracker	6758321287	Impression	No page	No page	App Store search				iPhone	iOS 26.3	BR	17	10
2026-05-24	BLW Baby Led Weaning Tracker	6758321287	Impression	No page	No page	App Store browse				iPhone	iOS 26.5	MX	6	6
2026-05-24	BLW Baby Led Weaning Tracker	6758321287	Impression	No page	No page	App Store search				iPhone	iOS 26.4	BR	15	10
2026-05-24	BLW Baby Led Weaning Tracker	6758321287	Impression	No page	No page	App Store search				iPhone	iOS 26.5	BR	13	13
2026-06-06	BLW Baby Led Weaning Tracker	6758321287	Impression	No page	No page	App Store search				iPhone	iOS 26.5	BR	8	5
2026-06-06	BLW Baby Led Weaning Tracker	6758321287	Impression	No page	No page	App Store search				iPhone	iOS 26.5	MX	7	5
2026-04-16	BLW Baby Led Weaning Tracker	6758321287	Impression	No page	No page	App Store search				iPhone	iOS 26.3	CO	6	5
2026-04-16	BLW Baby Led Weaning Tracker	6758321287	Impression	No page	No page	App Store search				iPhone	iOS 26.3	MX	5	5
2026-04-16	BLW Baby Led Weaning Tracker	6758321287	Impression	No page	No page	App Store search				iPhone	iOS 18.7	BR	5	5
2026-04-16	BLW Baby Led Weaning Tracker	6758321287	Impression	No page	No page	App Store search				iPhone	iOS 26.3	BR	12	5
2026-06-29	BLW Baby Led Weaning Tracker	6758321287	Impression	No page	No page	App Store search				iPhone	iOS 26.5	ES	6	6
2026-06-29	BLW Baby Led Weaning Tracker	6758321287	Impression	No page	No page	App Store search				iPhone	iOS 26.5	US	10	10
2026-06-29	BLW Baby Led Weaning Tracker	6758321287	Impression	No page	No page	App Store search				iPhone	iOS 26.5	BR	12	6
2026-06-29	BLW Baby Led Weaning Tracker	6758321287	Impression	No page	No page	App Store search				iPhone	iOS 26.5	CO	5	5
2026-03-17	BLW Baby Led Weaning Tracker	6758321287	Impression	No page	No page	App Store search				iPhone	iOS 26.3	EC	6	6
2026-04-08	BLW Baby Led Weaning Tracker	6758321287	Impression	No page	No page	App Store search				iPhone	iOS 18.7	US	6	6
2026-03-31	BLW Baby Led Weaning Tracker	6758321287	Impression	No page	No page	App Store search				iPhone	iOS 26.3	MX	5	5
2026-05-26	BLW Baby Led Weaning Tracker	6758321287	Impression	No page	No page	App Store search				iPhone	iOS 26.4	BR	13	13
2026-04-18	BLW Baby Led Weaning Tracker	6758321287	Impression	No page	No page	App Store search				iPhone	iOS 18.5	BR	5	5
2026-04-09	BLW Baby Led Weaning Tracker	6758321287	Impression	No page	No page	App Store search				iPhone	iOS 18.6	BR	6	6
2026-04-09	BLW Baby Led Weaning Tracker	6758321287	Impression	No page	No page	App Store search				iPhone	iOS 26.3	ES	5	5
2026-04-04	BLW Baby Led Weaning Tracker	6758321287	Impression	No page	No page	App Store search				iPhone	iOS 26.3	ES	8	8
2026-05-31	BLW Baby Led Weaning Tracker	6758321287	Impression	No page	No page	App Store search				iPhone	iOS 26.5	ES	5	5
2026-03-29	BLW Baby Led Weaning Tracker	6758321287	Impression	No page	No page	App Store search				iPhone	iOS 26.3	BR	10	5
2026-03-29	BLW Baby Led Weaning Tracker	6758321287	Impression	No page	No page	App Store search				iPhone	iOS 15.8	BR	6	6
2026-06-26	BLW Baby Led Weaning Tracker	6758321287	Impression	No page	No page	App Store search				iPhone	iOS 26.5	BR	21	9
2026-06-26	BLW Baby Led Weaning Tracker	6758321287	Impression	No page	No page	App Store search				iPhone	iOS 26.5	US	9	9
2026-07-04	BLW Baby Led Weaning Tracker	6758321287	Impression	No page	No page	App Store search				iPhone	iOS 26.5	BR	16	12
2026-07-04	BLW Baby Led Weaning Tracker	6758321287	Impression	No page	No page	App Store search				iPhone	iOS 26.5	MX	9	5
2026-02-16	BLW Baby Led Weaning Tracker	6758321287	Impression	No page	No page	App Store search				iPhone	iOS 26.2	BR	12	12
2026-06-18	BLW Baby Led Weaning Tracker	6758321287	Page view	Product page	Default product page	App Store search				iPhone	iOS 26.5	MX	5	5
2026-06-18	BLW Baby Led Weaning Tracker	6758321287	Impression	No page	No page	App Store search				iPhone	iOS 26.5	US	6	5
2026-06-18	BLW Baby Led Weaning Tracker	6758321287	Impression	No page	No page	App Store search				iPhone	iOS 26.5	MX	8	7
2026-06-18	BLW Baby Led Weaning Tracker	6758321287	Impression	No page	No page	App Store search				iPhone	iOS 26.5	BR	12	9
2026-05-12	BLW Baby Led Weaning Tracker	6758321287	Impression	No page	No page	App Store search				iPhone	iOS 26.4	BR	13	13
2026-06-14	BLW Baby Led Weaning Tracker	6758321287	Impression	No page	No page	App Store search				iPhone	iOS 26.5	CL	6	6
2026-06-14	BLW Baby Led Weaning Tracker	6758321287	Impression	No page	No page	App Store search				iPhone	iOS 26.5	BR	15	7
2026-06-14	BLW Baby Led Weaning Tracker	6758321287	Impression	No page	No page	App Store search				iPhone	iOS 26.5	ES	14	8
2026-05-23	BLW Baby Led Weaning Tracker	6758321287	Impression	No page	No page	App Store search				iPhone	iOS 26.4	MX	5	5
2026-05-23	BLW Baby Led Weaning Tracker	6758321287	Impression	No page	No page	App Store search				iPhone	iOS 26.4	BR	12	5
2026-04-19	BLW Baby Led Weaning Tracker	6758321287	Impression	No page	No page	App Store search				iPhone	iOS 26.4	ES	6	6
2026-04-19	BLW Baby Led Weaning Tracker	6758321287	Impression	No page	No page	App Store search				iPhone	iOS 26.3	ES	16	5
2026-04-19	BLW Baby Led Weaning Tracker	6758321287	Impression	No page	No page	App Store search				iPhone	iOS 26.3	US	8	7
2026-04-19	BLW Baby Led Weaning Tracker	6758321287	Impression	No page	No page	App Store search				iPhone	iOS 26.4	BR	7	7
2026-04-19	BLW Baby Led Weaning Tracker	6758321287	Impression	No page	No page	App Store search				iPhone	iOS 26.3	BR	6	6
2026-04-19	BLW Baby Led Weaning Tracker	6758321287	Impression	No page	No page	App Store search				iPhone	iOS 18.6	BR	5	5
2026-08-11	BLW Baby Led Weaning Tracker	6758321287	Impression	No page	No page	App Store search				iPhone	iOS 26.5	MX	15	10
2026-08-11	BLW Baby Led Weaning Tracker	6758321287	Impression	No page	No page	App Store search				iPhone	iOS 26.5	US	7	7
2026-05-07	BLW Baby Led Weaning Tracker	6758321287	Impression	No page	No page	App Store search				iPhone	iOS 18.6	BR	9	5
2026-05-07	BLW Baby Led Weaning Tracker	6758321287	Impression	No page	No page	App Store search				iPhone	iOS 26.4	ES	5	5
2026-05-14	BLW Baby Led Weaning Tracker	6758321287	Impression	No page	No page	App Store search				iPhone	iOS 26.4	BR	9	6
2026-04-26	BLW Baby Led Weaning Tracker	6758321287	Impression	No page	No page	App Store search				iPhone	iOS 26.3	BR	11	11
2026-07-02	BLW Baby Led Weaning Tracker	6758321287	Impression	No page	No page	App Store search				iPhone	iOS 26.5	BR	10	9
2026-07-02	BLW Baby Led Weaning Tracker	6758321287	Impression	No page	No page	App Store search				iPhone	iOS 26.5	AR	7	7
2026-07-08	BLW Baby Led Weaning Tracker	6758321287	Impression	No page	No page	App Store search				iPhone	iOS 18.7	BR	6	6
2026-07-08	BLW Baby Led Weaning Tracker	6758321287	Impression	No page	No page	App Store search				iPhone	iOS 26.5	BR	10	7
2026-07-08	BLW Baby Led Weaning Tracker	6758321287	Impression	No page	No page	App Store search				iPhone	iOS 26.5	MX	7	7
2026-07-08	BLW Baby Led Weaning Tracker	6758321287	Impression	No page	No page	App Store search				iPhone	iOS 26.5	US	8	5
2026-08-11	BLW Baby Led Weaning Tracker	6758321287	Impression	No page	No page	App Store search				iPhone	iOS 26.6	MX	6	6
2026-05-13	BLW Baby Led Weaning Tracker	6758321287	Impression	No page	No page	App Store search				iPhone	iOS 26.4	BR	8	8
2026-05-13	BLW Baby Led Weaning Tracker	6758321287	Impression	No page	No page	App Store search				iPhone	iOS 26.4	US	5	5
2026-03-11	BLW Baby Led Weaning Tracker	6758321287	Impression	No page	No page	App Store search				iPhone	iOS 18.6	MX	5	5
2026-03-11	BLW Baby Led Weaning Tracker	6758321287	Impression	No page	No page	App Store search				iPhone	iOS 26.3	BR	9	7
2026-06-22	BLW Baby Led Weaning Tracker	6758321287	Page view	Product page	Default product page	App Store search				iPhone	iOS 26.5	BR	5	5
2026-06-22	BLW Baby Led Weaning Tracker	6758321287	Impression	No page	No page	App Store search				iPhone	iOS 26.5	GB	6	6
2026-06-22	BLW Baby Led Weaning Tracker	6758321287	Impression	No page	No page	App Store search				iPhone	iOS 26.5	US	15	10
2026-06-22	BLW Baby Led Weaning Tracker	6758321287	Impression	No page	No page	App Store search				iPhone	iOS 26.5	BR	23	13
2026-06-22	BLW Baby Led Weaning Tracker	6758321287	Impression	No page	No page	App Store search				iPhone	iOS 26.5	ES	7	7
2026-03-10	BLW Baby Led Weaning Tracker	6758321287	Impression	No page	No page	App Store search				iPhone	iOS 26.3	BR	8	5
2026-04-21	BLW Baby Led Weaning Tracker	6758321287	Page view	Product page	Default product page	App Store search				iPhone	iOS 26.3	MX	6	6
2026-06-01	BLW Baby Led Weaning Tracker	6758321287	Impression	No page	No page	App Store search				iPhone	iOS 26.5	BR	11	6
2026-06-01	BLW Baby Led Weaning Tracker	6758321287	Impression	No page	No page	App Store search				iPhone	iOS 26.5	US	9	9
2026-02-23	BLW Baby Led Weaning Tracker	6758321287	Impression	No page	No page	App Store search				iPhone	iOS 26.2	ES	5	5
2026-02-23	BLW Baby Led Weaning Tracker	6758321287	Impression	No page	No page	App Store search				iPhone	iOS 26.2	BR	6	6
2026-06-27	BLW Baby Led Weaning Tracker	6758321287	Impression	No page	No page	App Store search				iPhone	iOS 26.5	MX	8	7
2026-06-27	BLW Baby Led Weaning Tracker	6758321287	Impression	No page	No page	App Store search				iPhone	iOS 26.5	CO	5	5
2026-06-27	BLW Baby Led Weaning Tracker	6758321287	Impression	No page	No page	App Store search				iPhone	iOS 26.5	BR	14	5
2026-06-27	BLW Baby Led Weaning Tracker	6758321287	Impression	No page	No page	App Store search				iPhone	iOS 26.5	US	8	8
2026-08-11	BLW Baby Led Weaning Tracker	6758321287	Impression	No page	No page	App Store search				iPhone	iOS 26.5	BR	17	7
2026-06-04	BLW Baby Led Weaning Tracker	6758321287	Impression	No page	No page	App Store search				iPhone	iOS 26.5	ES	10	8
2026-06-04	BLW Baby Led Weaning Tracker	6758321287	Impression	No page	No page	App Store search				iPhone	iOS 26.5	US	10	9
2026-06-10	BLW Baby Led Weaning Tracker	6758321287	Impression	No page	No page	App Store search				iPhone	iOS 26.5	BR	10	7
2026-06-28	BLW Baby Led Weaning Tracker	6758321287	Impression	No page	No page	App Store search				iPhone	iOS 26.5	US	7	6
2026-06-28	BLW Baby Led Weaning Tracker	6758321287	Impression	No page	No page	App Store search				iPhone	iOS 26.5	BR	18	14
2026-07-10	BLW Baby Led Weaning Tracker	6758321287	Impression	No page	No page	App Store search				iPhone	iOS 26.5	EC	7	7
2026-07-10	BLW Baby Led Weaning Tracker	6758321287	Impression	No page	No page	App Store search				iPhone	iOS 26.5	ES	9	5
2026-07-10	BLW Baby Led Weaning Tracker	6758321287	Impression	No page	No page	App Store search				iPhone	iOS 26.5	BR	9	9
2026-07-10	BLW Baby Led Weaning Tracker	6758321287	Impression	No page	No page	App Store search				iPhone	iOS 26.5	MX	5	5
2026-07-10	BLW Baby Led Weaning Tracker	6758321287	Impression	No page	No page	App Store search				iPhone	iOS 26.5	US	18	11
2026-02-18	BLW Baby Led Weaning Tracker	6758321287	Impression	No page	No page	App Store search				iPhone	iOS 26.2	BR	8	7
2026-02-18	BLW Baby Led Weaning Tracker	6758321287	Impression	No page	No page	App Store search				iPhone	iOS 18.6	BR	6	5
2026-06-20	BLW Baby Led Weaning Tracker	6758321287	Impression	No page	No page	App Store search				iPhone	iOS 26.5	DO	11	5
2026-06-20	BLW Baby Led Weaning Tracker	6758321287	Page view	Product page	Default product page	App Store search				iPhone	iOS 26.5	ES	5	5
2026-06-20	BLW Baby Led Weaning Tracker	6758321287	Impression	No page	No page	App Store search				iPhone	iOS 26.5	BR	7	7
2026-06-20	BLW Baby Led Weaning Tracker	6758321287	Impression	No page	No page	App Store search				iPhone	iOS 26.5	US	7	7
2026-08-12	BLW Baby Led Weaning Tracker	6758321287	Impression	No page	No page	App Store search				iPhone	iOS 26.5	US	5	5
2026-08-13	BLW Baby Led Weaning Tracker	6758321287	Impression	No page	No page	App Store search				iPhone	iOS 26.5	BR	9	8
2026-08-14	BLW Baby Led Weaning Tracker	6758321287	Impression	No page	No page	App Store search				iPad	iOS 26.6	MX	5	5
2026-08-14	BLW Baby Led Weaning Tracker	6758321287	Impression	No page	No page	App Store search				iPad	iOS 26.5	MX	6	6
2026-08-14	BLW Baby Led Weaning Tracker	6758321287	Impression	No page	No page	App Store search				iPad	iOS 18.7	US	8	6
2026-08-14	BLW Baby Led Weaning Tracker	6758321287	Impression	No page	No page	App Store search				iPhone	iOS 26.6	US	47	38
2026-08-14	BLW Baby Led Weaning Tracker	6758321287	Impression	No page	No page	App Store search				iPhone	iOS 18.7	US	7	5
2026-08-14	BLW Baby Led Weaning Tracker	6758321287	Impression	No page	No page	App Store search				iPhone	iOS 26.1	US	6	5
2026-08-14	BLW Baby Led Weaning Tracker	6758321287	Impression	No page	No page	App Store search				iPhone	iOS 26.5	BR	14	7
2026-08-14	BLW Baby Led Weaning Tracker	6758321287	Impression	No page	No page	App Store search				iPhone	iOS 26.5	US	29	23
2026-08-15	BLW Baby Led Weaning Tracker	6758321287	Impression	No page	No page	App Store search				iPhone	iOS 26.5	MX	5	5
2026-08-15	BLW Baby Led Weaning Tracker	6758321287	Impression	No page	No page	App Store search				iPhone	iOS 26.5	ES	5	5
2026-08-15	BLW Baby Led Weaning Tracker	6758321287	Impression	No page	No page	App Store search				iPhone	iOS 26.5	BR	5	5
2026-08-16	BLW Baby Led Weaning Tracker	6758321287	Impression	No page	No page	App Store search				iPhone	iOS 26.6	US	5	5
2026-08-17	BLW Baby Led Weaning Tracker	6758321287	Impression	No page	No page	App Store search				iPhone	iOS 26.6	BR	9	6
2026-08-17	BLW Baby Led Weaning Tracker	6758321287	Impression	No page	No page	App Store search				iPhone	iOS 17.0	BR	7	6
2026-08-17	BLW Baby Led Weaning Tracker	6758321287	Impression	No page	No page	App Store search				iPhone	iOS 26.5	BR	6	6
2026-08-17	BLW Baby Led Weaning Tracker	6758321287	Impression	No page	No page	App Store search				iPhone	iOS 26.6	ES	7	6
2026-08-17	BLW Baby Led Weaning Tracker	6758321287	Impression	No page	No page	App Store search				iPhone	iOS 26.6	US	8	6
